{"_runtime":1.9112694000000001,"_step":4,"_wandb":{"runtime":1},"loss":8.827465057373047,"_timestamp":1.731343211414458e+09}