{"_step":582,"loss":8.902835845947266,"_timestamp":1.7313440816300874e+09,"_runtime":114.6351764,"_wandb":{"runtime":114}}