{"_wandb":{"runtime":3},"loss":8.903104782104492,"_timestamp":1.7313453202795632e+09,"_runtime":3.2920704,"_step":9}